,0
0,-309.8991599181181
1,-130.8312016351548
2,-222.52665394185934
3,-177.3338480402156
4,-105.48321397855943
5,-94.52573549519677
6,-17.727791638060708
7,-35.345388465378456
8,-115.74099559482798
9,162.12269945228172
10,103.35671065765801
11,167.78924410379358
12,278.7208431078696
13,327.67440978510353
14,355.4845039434421
15,530.4145466676252
16,591.7663173468441
17,1190.1171946489758
18,1144.848955900022
19,1378.372981696479
20,1435.9317949758952
21,1624.3912436977155
22,1800.0644031089766
23,1786.1046259146426
24,2308.5097642702167
25,2085.5161475581704
26,2024.98028390041
27,2090.7873706323167
28,2149.8167778905495
29,2488.726831770369
30,2176.787634475101
31,2627.7477984085763
32,2322.8107893988536
33,2373.058044881974
34,2035.7404077598699
35,1530.450326023482
36,2527.123228020158
37,2271.123948197388
38,2404.3706176234004
39,2655.614306969555
40,2024.7672200868687
41,2876.7159117416895
42,2833.6870734053737
43,3018.203807121166
44,3000.172936961655
45,2996.622801743295
46,3074.1418837584915
47,2936.958362934291
48,3037.8015100901634
49,3089.670815600147
50,371.950265470339
51,107.6743412430333
52,2917.5351891942614
53,3284.2658087441287
54,3230.585238994773
55,3199.81726872058
56,3385.207125354562
57,3289.850794067843
58,3323.129616138687
59,3325.8356596945528
60,3459.248184734268
61,3341.196504979726
62,3365.535136869701
63,3384.240263211787
64,3514.4724952235792
65,250.6643224621162
66,3339.1041265470785
67,3520.7357082253175
68,3191.224385710006
69,3459.3116876798085
70,3627.3671239114533
71,3446.115013607339
72,3815.2354537217225
73,3446.8272722224256
74,3507.6657830508557
75,3456.5748249988123
76,3559.388687655449
77,3616.741422065893
78,3589.8502673696034
79,3565.1112136798097
80,3653.1357692348356
81,3649.215914722865
82,3718.089203096834
83,3755.137010652764
84,3738.6775165650433
85,3798.0590641136014
86,3797.867916197716
87,3890.3171065633014
88,4000.2920394326607
89,3989.0907322202343
90,3886.9578220549515
91,3924.886283876929
92,3857.688108092569
93,3756.5117488326423
94,3897.7325988678367
95,3885.609356392844
96,3728.1013987958995
97,4014.0857470906694
98,3882.741382435841
99,3824.966774397417
100,3779.820273048807
101,3859.833199344238
102,4147.389679013074
103,3914.05019212599
104,4235.106034070533
105,4044.226078022838
106,3965.779529248054
107,4152.780405493653
108,3782.0927060662043
109,4151.877039226262
110,4038.3714678932306
111,4056.7418348488613
112,458.9125334625132
113,3990.765005080701
114,4198.805131508608
115,4169.70702914619
116,4037.9781995260846
117,4160.780675220665
118,4134.698453329931
119,4265.210366584589
120,4317.418558519786
121,4299.237698439179
122,4181.798798584558
123,4044.047923504763
124,4232.104859800138
125,4185.610640910648
126,4179.949114428639
127,4201.37090449859
128,4289.778103294002
129,4352.393563318514
130,4310.652367912608
131,4152.342199895929
132,4490.82839960518
133,4347.13481100104
134,4346.887067798879
135,4326.431997225845
136,4316.472272594958
137,4355.928132361185
138,4603.040630632606
139,4438.880726077851
140,4413.546573133991
141,4415.279152135847
142,4475.292956820584
143,4551.409193405594
144,4446.853568116441
145,4506.233311750483
146,4332.097962717773
147,4474.515517635417
148,4614.895090266216
149,4503.200260295126
150,4720.990178731296
151,4626.844915782618
152,4477.185508503724
153,4546.540339360347
154,4517.854244670778
155,4449.527439029435
156,4552.078156348045
157,4553.880398850629
158,4473.573331495546
159,4160.637782342797
160,4588.610245696377
161,4525.870352752975
162,4782.456543793284
163,4669.390239960925
164,4703.180412791256
165,4358.132654369515
166,4557.095845728203
167,4534.40707826677
168,4732.0892368486575
169,4819.670527146109
170,4748.079384141238
171,4599.1859203918075
172,4880.878108459734
173,4690.735135803448
174,4651.754259560628
175,4745.661871400987
176,4998.573948420237
177,4722.551390704198
178,4750.904998993026
179,4709.637418938524
180,4856.2559451185425
181,4576.965126667812
182,4720.521542319569
183,4714.780051406776
184,4773.707436774329
185,4937.339587942703
186,4901.798011679571
187,2188.258022031761
188,4692.499238446514
189,4986.828977951498
190,4834.545478083
191,4963.453878891127
192,4902.877358170371
193,4567.959446328851
194,4803.055013497282
195,4987.407928674039
196,4603.143277341842
197,5109.289503206558
198,4972.170819151302
199,5074.654362703237
200,4929.468829541343
201,5000.780060515432
202,4850.3013755268485
203,4911.499528625809
204,4924.27650768748
205,4996.824381803746
206,4888.844049264325
207,4790.4877088445
208,4997.3829202656325
209,4959.226554010344
210,4900.54441264633
211,4943.840910462391
212,5048.577500625557
213,5200.990457152334
214,5071.365788177262
215,5096.951268045817
216,4898.180942106287
217,5127.301877684745
218,4780.674643561426
219,4859.556948821166
220,5125.115009126461
221,4931.697360741186
222,4991.877617393662
223,4857.274350434388
224,4833.327009457021
225,4931.194047593199
226,4919.40472942494
227,4984.181248788292
228,4843.1666418114855
229,5013.347004484415
230,5073.442022362815
231,5148.79872583725
232,5051.585144998949
233,5127.059428389355
234,5123.120295208553
235,5170.811597760501
236,4908.317071142302
237,4901.103846329012
238,5147.328434851803
239,5196.358210722283
240,5088.682534526271
241,5164.612439873224
242,5088.886649837945
243,5138.785132048669
244,5071.625342515246
245,5261.053763335508
246,5316.092158516874
247,5177.148906638175
248,5180.333335938001
249,5132.697190345554
250,5207.306929131402
251,5143.726230569031
252,5070.857825920994
253,5151.709753248426
254,5223.632204518623
255,5137.204164284495
256,5082.249127931105
257,5236.893686840081
258,5243.231884074279
259,5198.106379490768
260,5387.990898665515
261,5136.707562679751
262,5170.9677212943
263,5131.781956096916
264,5205.760630867493
265,5292.952414756635
266,5198.686085292235
267,5322.541762368541
268,5261.507752121869
269,5160.310420836152
270,5252.623055741746
271,5240.413908682844
272,5162.299913859208
273,5059.739949255241
274,5317.931767278125
275,5330.96235404283
276,5348.529693542723
277,5361.121690623763
278,5205.651732180239
279,5265.78293338112
280,5257.043722153503
281,5356.5582980946265
282,5252.324806521453
283,5305.802007534458
284,5393.646603312845
285,5381.866526566216
286,5316.448117480556
287,5546.337508639609
288,5359.514167643895
289,5272.525604563081
290,5377.152943224154
291,5461.277960006862
292,5446.360419096332
293,5245.663825986692
294,5254.306009703158
295,5487.228292132181
296,5403.160019619685
297,5182.823884854868
298,5342.822285301841
299,5444.483490569816
300,5245.219306119811
301,5361.384123587024
302,5268.96608497695
303,5399.306883600132
304,5195.533504105314
305,5597.940414681025
306,5224.1494758943
307,5331.521816316838
308,5315.8300354751655
309,5325.0822800498145
310,5449.9839893943945
311,5340.525820810789
312,5456.516014978369
313,5319.600667297867
314,5347.779418706687
315,5363.3357125816065
316,5317.324026492166
317,5292.87005042489
318,5334.214943138746
319,5229.789064957623
320,5479.715282571061
321,5290.622259442524
322,5146.312911069416
323,5387.486032729014
324,5420.779747633136
325,5248.240317800796
326,5654.534410956643
327,5364.313596586726
328,5428.34737169929
329,5419.030931596751
330,5309.860936665695
331,5498.8660328628275
332,5585.880503052202
333,5518.257256406009
334,5636.085312252002
335,5407.777231559542
336,5743.938784661173
337,5655.282663556086
338,5541.226203185854
339,5424.6236704188605
340,5496.269851986274
341,5472.775042343195
342,5780.63407943093
343,5513.591695581858
344,5655.973231011939
345,5388.309112335018
346,5500.68065823037
347,5482.597853081672
348,5337.370525213697
349,5522.276877612273
350,5495.455893151253
351,5680.088774388273
352,5468.0434246289815
353,5625.95179856011
354,5792.83357850657
355,5714.694114016052
356,5623.633988770026
357,5458.165673120253
358,5794.010753800286
359,5608.054505110229
360,5715.714025053629
361,5622.8604523791855
362,5766.897520467898
363,5483.332017642778
364,5357.748480361655
365,5551.462095266598
366,5598.292052017658
367,5421.183027515125
368,5719.288007674613
369,3653.2096849462214
370,5356.9648335081765
371,5651.641059313718
372,5488.755878999631
373,5629.0510245611085
374,5636.688040877484
375,5759.544825851526
376,5364.286452687043
377,5508.388623246441
378,5649.667076885859
379,5653.930609214356
380,5911.834277192314
381,5342.0043318340995
382,5314.804481882436
383,5538.353692239274
384,5727.425526712783
385,5640.915110864837
386,5612.407199778226
387,5645.588546475362
388,5401.656790960445
389,5366.545011376227
390,5787.782669722483
391,5696.019389239105
392,5649.5670725593045
393,5709.532777630912
394,5558.475471959922
395,5711.080515702029
396,5546.345873143092
397,5749.473766011347
398,5509.21163616849
399,5528.958632592086
400,5942.8271215932455
401,5705.921173367518
402,5611.804877190894
403,5554.742156679733
404,5546.224185265833
405,5584.897520335057
406,5691.090862066362
407,5707.83904315592
408,5751.922081001582
409,5699.936815857892
410,5660.013275704032
411,5915.074971992654
412,5941.271634313772
413,5775.171630952951
414,5590.103263927215
415,5587.239190571419
416,5805.17613134442
417,5693.608141590155
418,5621.908069214022
419,5826.235834621252
420,5820.204147041324
421,5853.915453616839
422,5798.696160834676
423,5538.897669536516
424,5591.8313047928505
425,5470.428736905762
426,5729.483808178182
427,5718.025846886727
428,5798.886247534814
429,5829.439228373013
430,5831.633542453417
431,5798.840926548001
432,5804.100718747494
433,5696.752917286528
434,5669.43413706301
435,5721.015418665231
436,6022.813144080713
437,5687.624406259604
438,5676.417486270897
439,5858.621489875481
440,5649.709806131308
441,5724.983252767046
442,5778.924717597475
443,5840.981757133366
444,5698.450357691842
445,5824.946724501364
446,5883.939571016564
447,5644.381783747805
448,5870.124509284371
449,5680.993657557939
450,972.3621533928829
451,5841.84036932848
452,5860.2783843679135
453,5658.244607904044
454,6066.011595271849
455,5868.941072817252
456,5805.021461942843
457,5891.637416672611
458,5948.9006769359885
459,5864.277179917697
460,5791.765197769514
461,5708.268110496969
462,5773.3111921843765
463,5861.3889339362
464,5877.2397594020595
465,5850.1841101918535
466,5840.988243044971
467,5717.148473714291
468,6016.008664936715
469,5563.1788043064225
470,5803.007097231084
471,6022.197796109245
472,5906.392185930313
473,5753.712317846712
474,5969.851375101853
475,6062.829230887487
476,4445.20160356311
477,5830.903785967127
478,6019.0203621307355
479,2077.658242586221
480,5854.091654748671
481,5953.460952898425
482,6063.924957877662
483,5787.341466878009
484,5993.715857627904
485,5911.123883234349
486,5873.815272455545
487,5979.609098744477
488,5879.423128438477
489,5974.271564380155
490,5957.933236823412
491,6024.125754772675
492,5890.41744879983
493,6066.434942549484
494,6125.045854227482
495,6163.683085324269
496,5911.522097935091
497,5883.527216397728
498,6039.68864492124
499,6047.260007673604
500,5920.347875201554
501,6063.9906192304115
502,5857.165507401474
503,5998.281094761712
504,5847.367046093523
505,5916.592506656735
506,5743.284539877076
507,5727.680465354626
508,5890.037896795059
509,5857.6573812320885
510,5952.959253795502
511,5883.559722054725
512,966.2351421166916
513,6052.762781137534
514,6098.298480301486
515,5930.729351071177
516,5915.052751206932
517,5894.428820092028
518,5860.113577854484
519,6049.034104983741
520,5892.919664116226
521,6127.648678555654
522,5882.194095124697
523,5829.174685999993
524,5807.516248633018
525,5912.256713741595
526,6045.940777498355
527,5654.7682683507355
528,5945.89542302085
529,6030.61564281148
530,6086.323917713814
531,6127.073092036172
532,6021.215136314401
533,5663.0682913478495
534,5840.54217545404
535,6093.103765010965
536,6028.562553861567
537,5909.34657777791
538,5788.4955029405655
539,5867.593696982683
540,6023.063286264257
541,5991.991692777682
542,6064.034876483604
543,5601.219684200854
544,5845.217476071034
545,5859.376650584698
546,6005.2411516732145
547,6036.236697542038
548,5829.159313659849
549,5880.589070089735
550,6105.651515576942
551,5801.7691163691115
552,5950.558877376165
553,5998.457576495672
554,5953.97791503884
555,5879.135011627483
556,6000.018203281674
557,5993.8502242251625
558,5827.7932661473415
559,6101.9501548375365
560,6095.189686239392
561,5939.614814199302
562,6014.5477614105075
563,6127.51498160703
564,6182.212748724217
565,6001.18619534729
566,6072.66258860478
567,6255.776401475354
568,6084.672066519211
569,5830.975379353404
570,6156.517254924063
571,6141.643136346355
572,5981.096540072673
573,6002.349845468732
574,5735.073205984347
575,5786.3563233863415
576,6138.042558360169
577,5958.4442601304
578,6127.164197903267
579,6093.687003555751
580,6040.898156034924
581,5989.370053944351
582,6145.662940041373
583,5731.695770767523
584,5716.250009185956
585,6098.836555678082
586,6074.140544738147
587,6153.819870835263
588,6066.039835136398
589,6240.783544749708
590,5819.603604963645
591,6058.45141040036
592,6093.374440050973
593,5854.4537384831765
594,6009.755988944015
595,5968.194748572421
596,5890.82428544125
597,6055.806065268094
598,6203.314354042535
599,6225.578371696879
600,6091.892370448491
601,6010.064651928568
602,6015.477633374228
603,6103.235418328948
604,6173.093703454521
605,6002.857329338537
606,6187.529235428198
607,5956.30299151891
608,6057.4936157026
609,6206.674017003352
610,6103.857508226067
611,6108.640549290698
612,6301.683540807544
613,6193.36028696199
614,6156.424712781608
615,6187.82930652009
616,6087.391200043981
617,6153.963744098432
618,6066.747488679078
619,6220.344977933875
620,6269.024679189969
621,6039.585365803204
622,6443.444297308999
623,6018.8346246794945
624,5974.76577650042
625,6044.16141725461
626,5993.4750009204145
627,5964.719125955634
628,6074.918296479504
629,6017.145020084466
630,6187.497357301738
631,6172.483264256865
632,6082.825566927673
633,6266.648595353498
634,6061.904524335526
635,6049.272162656007
636,6090.5943994049785
637,6329.206777391007
638,6437.442456129706
639,6218.613665483743
640,6089.2146781307965
641,6212.1202843942865
642,5985.085678513713
643,6172.595006941643
644,5849.526715914445
645,6237.6378741210765
646,6238.671824918766
647,6273.259882693781
648,6064.881219969265
649,6229.218773325361
650,6479.854312716147
651,5931.916545277948
652,6208.9703067092
653,6147.426788122807
654,5941.841090138892
655,6327.841107317453
656,6127.73642898901
657,5989.785232673472
658,6179.169963342785
659,6158.153701529777
660,6449.745431872527
661,6050.1645313768595
662,6182.531557083376
663,6311.085761456895
664,6285.040834096732
665,6448.11610952097
666,6245.310965843225
667,6333.865816687179
668,6057.8803366512975
669,6349.620666668706
670,6380.711268200102
671,6158.882737059418
672,6355.860014974464
673,6087.181336414018
674,6115.411989501131
675,6011.561941567279
676,6133.852756433598
677,6362.522905908146
678,6171.073166999914
679,6376.567957993996
680,6379.653851856887
681,6258.6917979202835
682,6315.423591478437
683,6357.657261972301
684,6017.789530165221
685,6165.561741192505
686,6177.332560246427
687,5844.936296086536
688,5980.226347762544
689,6364.489119662301
690,6142.0321758407235
691,6270.058701732343
692,6290.938724112278
693,6428.2787206290495
694,6257.739058207941
695,6053.860452827452
696,6251.450849711946
697,6239.974280296246
698,6325.775570365654
699,6422.544901961153
700,6433.691512630172
701,6240.937723509572
702,6258.404942541808
703,6177.915790681026
704,6431.769163160414
705,6445.1517836801295
706,6345.996879799518
707,6406.439989615414
708,6242.39791333944
709,6378.333691393135
710,6198.363657502553
711,6589.659458756848
712,6497.2815563704535
713,6311.311163654579
714,6165.6115672075775
715,6347.256018464475
716,6279.641550623949
717,6268.733200147098
718,6348.545008086504
719,6175.4917481404855
720,6611.1504468693765
721,6275.711346921699
722,6245.778247755589
723,6388.102980180407
724,6424.16567513891
725,6248.6940289217655
726,6264.446792242541
727,5042.573324879788
728,6401.893261530959
729,6391.776822349326
730,6371.150350411575
731,6337.5663804123
732,6566.353510421588
733,6191.995625425758
734,6240.51406826911
735,6237.858206228977
736,6278.157570874826
737,6150.948866340797
738,6512.686478900424
739,6460.668783142773
740,6156.907212307431
741,6424.379410011753
742,6352.492803788422
743,6258.4488552815155
744,6493.5429805761505
745,6493.730252954598
746,6358.0812791178105
747,6464.726342131469
748,6336.618401646449
749,6378.499729329041
750,6571.456831882877
751,6389.067064793068
752,6363.66844562417
753,6602.971691091862
754,6439.911743672503
755,6443.716923093872
756,6449.573023846482
757,6452.366656737985
758,6160.718505805985
759,6301.656503822966
760,6489.43945778117
761,6409.724459534403
762,6644.498882154306
763,6261.563273389209
764,6337.25054024562
765,6667.709338159638
766,6354.761191749334
767,6509.439116809334
768,6412.964335415988
769,6384.368440825353
770,6435.8544161648715
771,6605.397993902766
772,6417.667750136932
773,6499.321298699352
774,6310.682145519149
775,6696.439664565951
776,6596.304521853353
777,6740.266662008548
778,6467.715117325061
779,6519.167065005337
780,6589.5061679225755
781,6619.903794528791
782,6517.264760937837
783,6436.591712996935
784,6611.139753828915
785,6295.594370311675
786,6665.452660296397
787,6443.231602186528
788,6605.926820473965
789,6368.51504117807
790,6468.187711375518
791,6533.788073123517
792,6375.352681316611
793,6237.634574904289
794,6636.03371178984
795,6450.223836513427
796,6587.9797189832825
797,6603.524794541128
798,6549.057316519692
799,6692.602834287752
800,6331.6087570694945
801,6447.71353845979
802,6742.921576458803
803,6759.293183392331
804,6544.793888263813
805,6601.514528186962
806,6659.125508098767
807,6314.388807968332
808,6658.229868468842
809,6616.262926783253
810,6480.1271338839
811,6542.996914740725
812,6571.143136299049
813,6501.718534474667
814,6659.652745906872
815,6657.737779259897
816,6473.969579631633
817,6518.187261566188
818,6487.656288243418
819,6653.2588719851365
820,6679.53538757232
821,6712.1835880513945
822,6381.268787860496
823,6486.1414367254565
824,6581.616773929486
825,6944.550751472374
826,6474.638922623723
827,6629.621778958782
828,6524.260384790097
829,6720.759354329955
830,6599.005658094843
831,6659.575058369099
832,5120.256312045398
833,6515.252210481422
834,6678.992006667516
835,6507.087176345263
836,6671.122804955561
837,6552.358701119142
838,6650.96322385475
839,6681.947787674586
840,6675.473134321388
841,6622.52319603026
842,6669.823803547332
843,6732.032280576461
844,6736.2717651473395
845,6716.225958502045
846,6389.09455342375
847,6687.244930275288
848,6625.823100899657
849,6663.111323394623
850,6697.130705606108
851,6663.626650666796
852,6562.162446177488
853,6547.116324588107
854,6718.557813147397
855,6500.043341316396
856,6669.56122247213
857,6854.588574037601
858,6661.281800639697
859,6318.618134393565
860,6807.9857838498565
861,6532.881873556289
862,6637.838644926393
863,6545.7183384984755
864,6628.172778957813
865,6685.54946368783
866,6784.398775382664
867,6458.891522919255
868,6388.424856743813
869,6870.282650029284
870,6593.301571185426
871,6558.458838500851
872,6624.135739188405
873,6725.766511629318
874,6766.999788793616
875,6660.598088916699
876,6665.454265809815
877,6528.824406428811
878,6835.678232234776
879,6684.313107069367
880,6913.741937260155
881,6584.997150437545
882,6705.615539615692
883,6725.200115543873
884,6867.2375073108215
885,6550.9940821856635
886,6860.58365999104
887,6790.377861868507
888,6483.099624776013
889,6664.187286948726
890,6609.996896011039
891,6709.557094403273
892,6903.775512122799
893,6705.29280556584
894,6671.33072058173
895,6829.040595767815
896,6622.310610839486
897,6798.997650346313
898,6557.866509791088
899,6794.5996863297405
900,6815.863885276567
901,6656.156467471134
902,6876.921669959681
903,6898.333937494617
904,6960.273712075521
905,6888.975981330466
906,6664.770291741815
907,6774.816620182296
908,6840.700185730147
909,6940.384230537244
910,6844.095487949991
911,6783.637609626753
912,6948.976656137525
913,6727.63825826585
914,6625.9586802739595
915,4783.193548714334
916,6599.43823169133
917,6737.632571798298
918,6688.87866309871
919,6779.167067325897
920,6915.146624105143
921,6921.236397425019
922,6992.4013929513
923,6922.522020990287
924,6777.809876725292
925,6479.276982578125
926,6785.929650128275
927,6739.369113939343
928,6748.95387820578
929,6828.360010601812
930,6855.838318873996
931,6808.7809798619555
932,6911.529391657183
933,6683.362167382157
934,6731.670209159824
935,6946.471446776414
936,6933.3976373208625
937,6854.82005743468
938,6801.082884717233
939,6992.237720511806
940,6802.41554365365
941,6702.811436245817
942,6719.310420106507
943,6746.181976744773
944,6770.636832877953
945,6868.979071561379
946,7124.105828434091
947,6780.875540844582
948,6779.740500819672
949,6864.071160217091
950,6855.097667385541
951,7060.658928712215
952,6761.294865038641
953,6801.121075104575
954,6910.058924449177
955,6776.273759816685
956,6934.303864069175
957,6911.221153464791
958,6811.112971316199
959,7140.154935307528
960,6844.484551003831
961,7018.830814973578
962,6995.106945455695
963,6786.687519811723
964,6951.248413173428
965,6939.010134796278
966,6904.822666139591
967,7201.274938430649
968,7005.168521822904
969,6993.962257763438
970,6702.28023355695
971,6799.114418350378
972,7012.573598168425
973,6833.87854902683
974,6961.539511763765
975,7026.502881001594
976,6985.642327192498
977,7102.2351532147095
978,7081.7947429464275
979,6840.3060929737285
980,6949.491580996839
981,6819.577364364397
982,6854.571103786958
983,6782.028314593126
984,6966.328685839607
985,6723.968914025237
986,6861.486347879054
987,6784.39807261177
988,6774.660881861979
989,6930.010947518703
990,7119.647108586837
991,6965.2847710166025
992,7076.749065056855
993,7025.158266921637
994,7011.792168356018
995,6829.746462780914
996,7003.421115600577
997,7039.622012021428
998,6805.13010713125
999,6864.966604370769
1000,7013.985304995846
1001,7049.754232862851
1002,6951.793619728573
1003,6927.0230052716115
1004,7161.665564604205
1005,7144.98004396048
1006,7124.620525886998
1007,6934.9622073694
1008,7072.782399248284
1009,6772.323504167256
1010,6905.586280076315
1011,6987.123150050078
1012,7120.927583954425
1013,6943.401483909957
1014,6836.669702232935
1015,7012.450939978121
1016,7044.21566205821
1017,7157.505397068454
1018,7039.423434078007
1019,6937.03806090065
1020,7052.48053659988
1021,6852.134236377419
1022,7047.403326013228
1023,7125.489787042933
1024,6938.952628400715
1025,7063.390786242023
1026,6761.374465158033
1027,6949.627052213163
1028,6975.126530302954
1029,6948.899562330968
1030,7227.491373296272
1031,7241.562052791271
1032,6837.198768733161
1033,6659.4673658373795
1034,7037.748927541814
1035,7030.609349761125
1036,6946.149707773325
1037,6817.581967820546
1038,7167.2658933556795
1039,7083.302797272756
1040,7188.777964102074
1041,6919.973206645261
1042,6895.685820787046
1043,6979.991044535525
1044,7071.1097384965715
1045,7163.6077098809765
1046,7154.374589770555
1047,7173.4481550170585
1048,7400.760380307497
1049,7208.631284506498
1050,6944.108254214746
1051,7102.999309649026
1052,7052.540661184095
1053,7267.0949200610885
1054,7249.532691834673
1055,7017.782646362759
1056,7023.720853908033
1057,6942.281400804558
1058,7204.451097356532
1059,7041.648355308979
1060,6864.761286400553
1061,6975.519197833057
1062,6849.24341105137
1063,7201.785177697609
1064,7118.056760256436
1065,7153.857317290175
1066,7125.1773017678615
1067,7189.447872599975
1068,6966.276605658829
1069,7202.609410831103
1070,7125.168819664643
1071,7071.4194086019725
1072,6999.8556994865185
1073,7131.615830942811
1074,7203.983452436205
1075,6842.095019075671
1076,7036.508794973207
1077,7266.724599489371
1078,7054.047114575456
1079,6964.412774968731
1080,7005.396854477692
1081,6988.152297532734
1082,6969.984665668573
1083,7275.705030176186
1084,7272.998519423622
1085,7293.278575776591
1086,7207.692526853837
1087,7081.360089810514
1088,7150.777267252371
1089,6847.743579627769
1090,7323.869836071193
1091,7174.579328852391
1092,7239.765320143863
1093,7299.399228965645
1094,7202.03015804687
1095,7032.913033412964
1096,7111.513454086882
1097,7185.232725721087
1098,6935.507003002023
1099,7150.301129842851
1100,6964.7464001300405
1101,7257.560884359389
1102,7139.57140698146
1103,7212.649375028877
1104,7125.607634942108
1105,7022.066392928747
1106,7278.595302947824
1107,7182.7967641784735
1108,7129.835350306726
1109,7299.372963903776
1110,7206.657038736368
1111,7131.511961177683
1112,7240.897113257163
1113,7213.064930959664
1114,7385.191503983109
1115,7271.66846630733
1116,7189.794177236868
1117,7100.989362144393
1118,7113.1346310130175
1119,7449.711280782389
1120,7214.913226367261
1121,7245.902884717206
1122,7254.102445908006
1123,7215.397852653562
1124,6899.388064743094
1125,6945.01539075316
1126,7143.271347795387
1127,7396.200049207866
1128,7183.098228503498
1129,7234.888157994688
1130,7245.9986738469415
1131,7261.305636978655
1132,7115.586755904415
1133,7318.036062584308
1134,7045.451543801362
1135,7206.8454273988755
1136,7232.38758984613
1137,7057.680951991406
1138,7077.9961480656175
1139,7217.505800045382
1140,7562.650056960847
1141,7430.50532428273
1142,7352.66724557286
1143,7411.896093607119
1144,7445.720214003382
1145,7291.747306933502
1146,7414.071107301247
1147,7337.521474600541
1148,7338.560807945493
1149,7490.501045753842
1150,7398.170103308192
1151,7434.387148460604
1152,7229.902136170938
1153,7252.465015858801
1154,7318.461689740484
1155,7331.973729851076
1156,7389.771835591862
1157,7527.5224409012335
1158,7457.463669049134
1159,7258.746461803459
1160,7208.335495604789
1161,7240.222283080157
1162,7514.731457576467
1163,7365.834306273036
1164,7346.198505464882
1165,7364.654414015045
1166,7305.954600341154
1167,7473.756531071176
1168,7332.637770670186
1169,7224.302232459213
1170,7425.913461681276
1171,7228.130755127542
1172,7620.444224867372
1173,7334.782877876552
1174,7438.730878603831
1175,7300.094488303562
1176,7442.421130383242
1177,7418.920282103402
1178,7245.726599705113
1179,7168.297318868261
1180,7459.833426456363
1181,7447.290352890172
1182,7479.637164895802
1183,7296.459835736932
1184,7343.63688706673
1185,7398.447443108227
1186,7341.0293319043
1187,7168.600394123896
1188,7556.843431274564
1189,7354.094329139678
1190,7465.75361091047
1191,7434.8260021355345
1192,6867.681200125285
1193,7304.989583251378
1194,7259.70066595822
1195,7046.071435034237
1196,7164.209806163648
1197,7507.208277453159
1198,7245.723658906021
1199,7219.241978734996
1200,7297.946380359025
1201,7242.190337327188
1202,7303.5813448992785
1203,7449.742335846387
1204,7650.091541877879
1205,7481.858622480255
1206,7356.659621593604
1207,7478.179947260549
1208,7340.586972287719
1209,7578.947586912162
1210,7274.894707054907
1211,7557.780017817627
1212,7484.149736468443
1213,7532.717291991249
1214,7243.944558517721
1215,7423.054587364431
1216,7580.304296591091
1217,7578.019737637807
1218,7474.247833787913
1219,7427.7474553261845
1220,7415.5361007965985
1221,7253.527978692563
1222,7386.555810684122
1223,7391.90665282932
1224,7482.079446296642
1225,7414.579712902625
1226,7523.6314590486845
1227,7475.8151036077425
1228,7526.729275377854
1229,7569.477494459217
1230,7316.676246152355
1231,7492.275883543779
1232,7631.72287939385
1233,7617.3284695971
1234,7335.996142887005
1235,7460.062662276329
1236,7450.5197960533715
1237,7494.70739580864
1238,7558.675394134009
1239,7622.961385045145
1240,7408.725560926901
1241,7700.524515641063
1242,7572.227086812338
1243,7648.882479031746
1244,7437.492381535867
1245,7545.566897722807
1246,7474.962950164968
1247,7624.819298978718
1248,7438.512473582213
1249,7438.412019417841
1250,7433.053778973124
1251,7782.920882354469
1252,7427.712317822304
1253,7713.058690354837
1254,7633.491841353141
1255,7531.631688425115
1256,7541.822292191935
1257,7499.70498402919
1258,7555.120897075989
1259,7459.414679167017
1260,7493.412016982607
1261,7570.292322245446
1262,7493.769183908532
1263,7720.853347277633
1264,7212.368127140444
1265,7591.861541723991
1266,7569.257383345479
1267,7470.244996931686
1268,7319.174075179991
1269,7480.967020790634
1270,7484.868218977151
1271,7734.962518474276
1272,7702.810887646754
1273,7526.568531693766
1274,7454.873539355873
1275,7352.71489428993
1276,7700.245744693321
1277,7567.813364756762
1278,7542.765491878079
1279,7590.221973552774
1280,7416.073974721152
1281,7602.542699000623
1282,7643.452069547969
1283,7480.450185229623
1284,7496.212159992314
1285,7615.988152909654
1286,7550.765689963753
1287,7632.41518438612
1288,7384.267564295222
1289,7706.81687126834
1290,7589.504115288286
1291,7652.411849925124
1292,7810.265346140958
1293,7684.927031537888
1294,7625.369674252483
1295,7711.660798032541
1296,7543.006951276716
1297,7578.186728970499
1298,7353.313974472436
1299,7760.013201742303
1300,7806.811528439625
1301,7646.464596453587
1302,7651.080861792954
1303,7482.935114582537
1304,7595.848501220816
1305,7668.274133505819
1306,7723.53871852847
1307,7655.064403999218
1308,7532.636217716682
1309,7742.0519230104255
1310,7582.999377124815
1311,7661.8599074449485
1312,7646.383656973349
1313,7672.300080626924
1314,7799.88659170784
1315,7407.312246123946
1316,7687.666724150916
1317,8016.360410787143
1318,7594.3351466062695
1319,7778.94118711879
1320,7752.175963095444
1321,7549.111570239171
1322,7579.199165913345
1323,7584.17136512639
1324,7831.667380352875
1325,7722.6329856055145
1326,7701.763630211719
1327,7695.407362473826
1328,7775.636066716755
1329,7741.35889064221
1330,7776.158823595826
1331,7801.637234598453
1332,7668.046483205087
1333,7712.965345163611
1334,7675.880127526467
1335,7663.745444471414
1336,7824.309819249765
1337,7635.124109044392
1338,7822.009169241476
1339,7844.160179759649
1340,7871.9350529402645
1341,7715.730702870207
1342,7716.225916687658
1343,7609.525195523385
1344,7867.0291125018275
1345,7673.9748627551135
1346,7645.385100822674
1347,7882.584987618328
1348,7815.560705914571
1349,7829.918401493953
1350,7771.58941194298
1351,7601.927316562563
1352,7890.353691251371
1353,7759.3477589003205
1354,7671.078905175302
1355,7590.641812784439
1356,7865.6444446463665
1357,7708.168168254292
1358,7915.517937212706
1359,7807.010829791193
1360,7889.604251904938
1361,7901.9332801769715
1362,8012.015967512676
1363,7765.693666305459
1364,7818.402428994039
1365,7921.940079803336
1366,7834.7165529433605
1367,7705.456355212814
1368,7861.10366372705
1369,7843.234951182893
1370,7751.113819952699
1371,7739.28425537952
1372,7972.276451125823
1373,7823.182155750713
1374,7774.396971208972
1375,7818.498558551836
1376,7793.658968772236
1377,7868.933652071996
1378,7736.020348768154
1379,8009.423911775671
1380,7848.635495687371
1381,7848.9011220463135
1382,8007.185832586394
1383,7796.749651877219
1384,7882.739049691431
1385,7980.8897914927775
1386,7760.532131386015
1387,7740.840166119546
1388,7796.6254892053585
1389,7979.677505377562
1390,8021.016884467025
1391,7742.168553387826
1392,7986.928039119922
1393,7915.521471451202
1394,7788.751055643373
1395,7950.176089596429
1396,7946.465313361482
1397,7957.071485536889
1398,7991.046064984019
1399,7859.347854515067
1400,7936.191230394309
1401,8008.895381680878
1402,8064.149215746957
1403,7815.473550408654
1404,7862.319552157037
1405,7920.161940743606
1406,7975.023681461971
1407,7940.2291093874
1408,8071.0557422937745
1409,7880.99406396545
1410,8039.152451971232
1411,7981.280804804692
1412,7786.808593882694
1413,8087.072113085991
1414,7924.143207534069
1415,7911.9521934110235
1416,8160.778747470766
1417,7986.187864311262
1418,7960.629146651119
1419,7987.956702796242
1420,8031.2652422776255
1421,7997.365495763189
1422,8223.279915590228
1423,7727.117742906151
1424,7617.073563229753
1425,7843.465919972771
1426,8007.8134574737915
1427,8140.164505990486
1428,7801.6842675999005
1429,7976.8881894966735
1430,7708.202355504835
1431,7930.601983663526
1432,7957.730722380489
1433,8106.976766034204
1434,7926.484848055981
1435,7673.88670976138
1436,7867.295344926926
1437,8003.238129308965
1438,7992.662914906396
1439,7872.7666917203005
1440,8024.603905107552
1441,7904.020870880585
1442,8170.365163233436
1443,8019.534333227798
1444,8155.086445324325
1445,7962.765164564322
1446,7980.165910926503
1447,7762.841315444225
1448,8235.728521404531
1449,7981.906300784133
1450,7719.8686539203245
1451,7877.505224928411
1452,8176.146842481469
1453,7901.818341137482
1454,8001.620931549662
1455,8095.1093082137395
1456,8075.130485562864
1457,8182.394941065768
1458,7674.134520248309
1459,7951.90882395445
1460,7825.918255994787
1461,7936.264963700316
1462,8027.716580173338
1463,7926.276717131135
1464,8043.655985676338
1465,8032.039529366318
1466,8098.854013574435
1467,8039.733937732059
1468,8112.055703736335
1469,8150.056348236361
1470,7582.620588800952
1471,8082.264942343606
1472,7960.007847583187
1473,8055.839599361429
1474,8020.985416102688
1475,8059.175282401112
1476,8041.918056811004
1477,7885.818880246478
1478,8083.585400963976
1479,8282.46149037594
1480,7991.615241315914
1481,8118.993896761868
1482,7891.708118523587
1483,7930.514334457772
1484,8059.011505820715
1485,8022.572194070729
1486,7757.6742087617695
1487,8244.504399955287
1488,8091.305019697775
1489,7733.554881169996
1490,8195.630395880236
1491,8133.617723053242
1492,8205.592663779269
1493,8049.995584270736
1494,8222.338003705909
1495,8121.958860653034
1496,7843.6193164938595
1497,7862.475012621256
1498,8221.421574596481
1499,8144.070289553318
1500,7944.575239181567
1501,7691.0122794581475
1502,7936.639950872534
1503,8063.0764525432705
1504,8102.23641600621
1505,8096.013153808856
1506,8107.582253110873
1507,8185.25494558817
1508,8289.736238185358
1509,8053.681117175167
1510,8152.761161353517
1511,8066.589294155684
1512,8061.767671296869
1513,8040.2126971813595
1514,8141.000909492113
1515,8104.75859254625
1516,8133.436542046798
1517,8381.026947211374
1518,8385.412346163783
1519,8293.677017654889
1520,8203.40720987003
1521,8150.9280954622345
1522,8399.81344005474
1523,8111.90355303107
1524,8420.063674472343
1525,8050.4330652651515
1526,8100.641156058383
1527,8115.831553889829
1528,8251.48054200161
1529,8026.886741254
1530,8265.836130178035
1531,8152.034411349292
1532,8220.618468889686
1533,8151.331427795085
1534,8330.636851499605
1535,8254.400967871543
1536,8315.46295478787
1537,7778.352276191217
1538,8254.31127823407
1539,8238.552345422551
1540,8084.047260662747
1541,7969.686880388615
1542,8050.903440016051
1543,8170.014155638671
1544,8137.523676604166
1545,8265.856593719218
1546,8135.136036328758
1547,8209.566260909349
1548,8281.8888247797
1549,8360.006060311094
1550,8342.9171649132
1551,8062.228600345637
1552,8238.890796748708
1553,8172.635948641879
1554,8335.447775019597
1555,8267.717147654825
1556,8278.792491535294
1557,8282.439601703276
1558,8333.106151739927
1559,8132.589313830455
1560,8243.506385895369
1561,8049.531065651573
1562,8372.442907727258
1563,8290.364723944675
1564,7970.635889627319
1565,8145.180124694147
1566,8185.362050474062
1567,8190.226300638488
1568,8134.99589410415
1569,8317.076310634315
1570,8176.953147903967
1571,7992.2743546639485
1572,8088.962636240711
1573,8326.115159157323
1574,7934.4294270978335
1575,8155.937028118752
1576,8272.634384421304
1577,8453.86587084528
1578,8470.112055203543
1579,8355.924109706733
1580,8465.37620013131
1581,8345.606350027801
1582,8530.02854877406
1583,8193.908900107914
1584,8341.17448971751
1585,8187.021173385669
1586,8219.824253993755
1587,2563.1677968508307
1588,8295.710158534017
1589,8124.263079594284
1590,8352.216056045867
1591,8274.724636303452
1592,8136.578768697806
1593,8495.212258134234
1594,8213.299137810525
1595,8379.660224024288
1596,8342.863540527293
1597,8371.998654180303
1598,8411.077862915123
1599,8444.361006135432
1600,8263.544950849735
1601,7574.465135805773
1602,8228.894932994752
1603,8551.019448678388
1604,8347.118800441931
1605,8274.122739057642
1606,8323.526684874952
1607,8465.753747654531
1608,8124.465157386468
1609,8358.297627984288
1610,609.5574555384852
1611,7892.131116559538
1612,8462.171491083114
1613,8138.681663417599
1614,8445.214392228183
1615,8363.777067529114
1616,8262.992766925134
1617,8215.669348997104
1618,8296.729431889138
1619,8698.8257180664
1620,8532.788088575808
1621,8204.712329580565
1622,7817.3720101586205
1623,8480.195453132354
1624,8280.110009706721
1625,8168.710294094816
1626,8227.632338876587
1627,8181.926168848783
1628,8198.190986730595
1629,8320.088769616526
1630,8551.710732837251
1631,8250.676251559009
1632,8113.758285735085
1633,8138.937144497087
1634,8474.272917837514
1635,8144.9824183177225
1636,8267.290467781657
1637,8263.267914826092
1638,8356.822045345289
1639,8446.438028214401
1640,8589.056167295605
1641,8589.883885365436
1642,8298.503267757667
1643,8509.00094992954
1644,8378.846888624601
1645,8287.847362146744
1646,8504.134348207559
1647,8361.65615639481
1648,8433.327463056416
1649,8360.131623689289
1650,8457.028104244335
1651,8326.742707158302
1652,8487.753682875418
1653,8630.5602594403
1654,8377.86702325356
1655,8458.264631524136
1656,8192.183714411127
1657,8552.456857328898
1658,8578.784098533957
1659,8584.73526277122
1660,8454.039623416531
1661,8334.57143470816
1662,8226.045517113607
1663,8330.332375828079
1664,8509.279853661314
1665,8527.865548513159
1666,8444.295738449364
1667,8302.149266949651
1668,8427.053140420601
1669,8489.248184306776
1670,8449.847153823657
1671,8365.436543303127
1672,8479.035234283605
1673,8275.141766879695
1674,8305.400351413167
1675,8443.236819816439
1676,7221.195522150709
1677,8496.453058847133
1678,8327.5138190303
1679,8327.457873918149
1680,8604.051313386162
1681,8217.52520889475
1682,8436.995342037371
1683,8499.382329200302
1684,8436.610901309721
1685,8404.688080750213
1686,8310.574098630044
1687,8301.082021592485
1688,8341.138955945293
1689,8389.099760104924
1690,8383.880328238738
1691,8392.812358092104
1692,8357.772785290603
1693,8476.92426806612
1694,8288.419232742015
1695,8417.339758732425
1696,8485.980019533143
1697,8195.779314244068
1698,8488.638592806823
1699,8467.673155038283
1700,8386.413836658363
1701,8512.251487486708
1702,8463.586414739077
1703,8580.483284289445
1704,8345.880909951016
1705,8122.338637005118
1706,8499.857203167727
1707,8344.425686267377
1708,8435.416386521834
1709,8496.862301366087
1710,7853.243315881988
1711,8593.355996650333
1712,8603.924940621613
1713,8534.46905455603
1714,8313.718284985556
1715,8331.58233635673
1716,8190.797535492555
1717,8331.091663597668
1718,8354.48632495091
1719,8155.968629429812
1720,8387.362478360381
1721,8537.02010125755
1722,1495.4477281409957
1723,8391.07767584722
1724,8588.829553197995
1725,8319.698311218825
1726,8338.428101921545
1727,8500.460876867946
1728,8153.347307959031
1729,8488.224428745063
1730,8298.416571921309
1731,8067.107892759086
1732,8346.53468830079
1733,8461.308921326387
1734,8194.253980626016
1735,8305.600543982688
1736,8532.46001505586
1737,8701.885994907634
1738,8215.084445411727
1739,8636.527998103216
1740,8447.571438445786
1741,8347.820055109456
1742,8452.611054207338
1743,8671.24863546806
1744,8044.526828425973
1745,8329.455655265963
1746,8384.03212894614
1747,8582.205850863504
1748,8272.208309252637
1749,8263.63851718557
1750,8500.07811959658
1751,8593.181219249787
1752,8544.383749216451
1753,8375.098609161789
1754,8511.92014540417
1755,8406.666526189803
1756,8461.155279411674
1757,8611.860659371081
1758,8532.375575176095
1759,8257.23907442877
1760,8198.091364314841
1761,8371.304038823428
1762,8471.17709870437
1763,8429.645754253952
1764,8589.75567024627
1765,8423.40813203923
1766,8465.71493811386
1767,8587.219732602334
1768,8458.853459550723
1769,8230.081043510101
1770,8341.037353288399
1771,8483.050581197343
1772,8156.210292621397
1773,8647.47845204542
1774,8410.115295113226
1775,8470.62256778359
1776,8600.600525749573
1777,8284.522549079793
1778,8476.546845123625
1779,8599.03402191083
1780,8406.61983161093
1781,8336.872553072411
1782,8307.29073188633
1783,8594.654832859356
1784,8445.122298596076
1785,8354.900421158556
1786,8353.04301991765
1787,8432.203994034484
1788,8540.24094097366
1789,8428.301713435018
1790,8477.637804776252
1791,8226.148672757794
1792,8484.849110980502
1793,8343.037951535101
1794,8455.061841013709
1795,8453.535183936758
1796,8582.1503818262
1797,8454.05384083264
1798,8604.952083581964
1799,8385.59806897525
1800,8537.902852903959
1801,8457.97343475188
1802,8632.779862583651
1803,8505.969819121688
1804,8228.520756668077
1805,8302.42435993159
1806,8273.761975481502
1807,8548.21308577135
1808,8403.657300133616
1809,8691.133522864797
1810,8299.170396813111
1811,8178.061138902159
1812,8438.982316565825
1813,8468.118816274653
1814,8240.445585174779
1815,8549.060679890896
1816,8469.35517917488
1817,8408.042021519466
1818,8252.522527892457
1819,8439.046670180747
1820,8455.928892296039
1821,8510.143260874405
1822,8315.260992378677
1823,8465.168016638878
1824,8581.444150006786
1825,8401.581675838595
1826,8552.379979328864
1827,8572.612356604744
1828,8327.43359888531
1829,8503.123748728998
1830,8233.413706661187
1831,8365.09110570487
1832,8486.594864166611
1833,8639.369415258656
1834,8542.617839918834
1835,8111.462181011469
1836,8672.855846165685
1837,8753.200007543404
1838,8114.971037006095
1839,8416.598670396439
1840,8572.2131887504
1841,8491.018540828316
1842,8653.00189395791
1843,8591.755792537093
1844,8258.80512873513
1845,8542.12696210496
1846,7932.728398442676
1847,8370.526076730584
1848,8428.760489871625
1849,8553.87912978669
1850,8321.652066271334
1851,8246.735213501659
1852,8426.62378291468
1853,8469.762282596801
1854,8577.701037641058
1855,8495.036028363402
1856,8450.279172099268
1857,8558.653302913894
1858,8460.211998349218
1859,8513.964691069606
1860,8694.677234354074
1861,8665.2198208432
1862,8549.304363245505
1863,8414.557922458196
1864,8556.14329263708
1865,8488.214817769809
1866,8489.791090204726
1867,8575.924428495817
1868,8687.08021427385
1869,8486.497002928643
1870,8670.650187550693
1871,8392.58854553422
1872,8549.424620185953
1873,8440.67871462524
1874,8591.409718513443
1875,8337.726996954383
1876,8454.445689428288
1877,8468.627510167513
1878,8366.130172986781
1879,8369.124063220459
1880,8659.30645671876
1881,8441.555548454442
1882,8373.201336883973
1883,8517.903617235988
1884,8406.752253852315
1885,8323.387361766117
1886,8460.066055063498
1887,8569.756899258986
1888,8252.77696148877
1889,8522.205893577499
1890,7441.158297312589
1891,8439.181447516952
1892,8445.763698613753
1893,8501.622769307753
1894,8321.102496351898
1895,8632.44105906595
1896,8333.245454097976
1897,8489.271553916342
1898,8394.476977037222
1899,8463.289686354803
1900,8502.532096156507
1901,8260.881568383082
1902,8451.156246048744
1903,8345.79904640146
1904,8640.894375017064
1905,8508.235709220717
1906,8574.39020019356
1907,8479.018063199248
1908,8472.380527048026
1909,8336.06681748074
1910,8577.759745706582
1911,8502.148561218326
1912,8452.200138072294
1913,8428.640624990865
1914,8471.921353834778
1915,8338.66204033287
1916,8503.938538542412
1917,8579.26461415246
1918,8482.081939264097
1919,8447.327295004636
1920,6997.163180451762
1921,8686.687604249864
1922,8508.915515770996
1923,3866.311623827624
1924,8473.181304762988
1925,8674.216662356093
1926,8359.501293661204
1927,8432.519910728193
1928,8358.656719957691
1929,8426.15303696852
1930,8626.098749805209
1931,8511.108049154076
1932,8472.452256841536
1933,8408.277199636412
1934,8390.777598540628
1935,8625.423740894867
1936,8515.728256780625
1937,8586.212519722589
1938,8638.329354227224
1939,8455.010114748939
1940,8548.5851557525
1941,8455.454255234958
1942,8377.251033184675
1943,6383.656084446486
1944,8469.20101168309
1945,8653.375094686478
1946,8571.969006598172
1947,8737.697110038185
1948,8462.177895762241
1949,8588.453432693283
1950,8246.592537263923
1951,8498.838421285913
1952,8584.47278510346
1953,8744.07287244841
1954,8581.257984609598
1955,8261.374186490066
1956,8449.11967489347
1957,8414.70276020942
1958,8319.813465310066
1959,8527.26764244889
1960,8332.099482209222
1961,8414.281047784449
1962,8473.445155028106
1963,8624.838691071476
1964,8467.194260582124
1965,8549.12868591993
1966,8577.737043235791
1967,8579.570046739153
1968,8567.550645502832
1969,8412.721277268145
1970,8699.2570242767
1971,8647.938968414928
1972,8602.100723915517
1973,8578.942083386522
1974,8527.81801756753
1975,8678.343514467337
1976,8502.77187162974
1977,8539.962710198786
1978,8385.403417736938
1979,8494.193122940771
1980,8603.607023842373
1981,8661.446867044859
1982,8551.932458265308
1983,8565.064150151331
1984,8554.574924035334
1985,8548.449526123282
1986,8697.567568619395
1987,8602.881509349085
1988,8664.048874594351
1989,8522.174406051365
1990,8622.90089625024
1991,8487.126476442863
1992,8640.264474394131
1993,8579.405445306651
1994,8486.66276101547
1995,8657.549906920183
1996,8675.820558944853
1997,8626.331405915442
1998,8394.611380564767
