,0,1,2,3,4,5,6,7,8,9,10,11
0,0.0028713688,0.009936408,0.09046464,0.11413023,0.0023495483,0.008488543,0.074240066,0.08818191,0.0016505701,0.005164962,0.051693927,0.072454534
1,0.0023808696,0.009526945,0.06481113,0.09270324,0.0019316894,0.008057333,0.052236196,0.07332126,0.001391803,0.0050835097,0.03836486,0.05672638
2,0.0013828492,0.0058950754,0.03722687,0.06495651,0.0008767368,0.0034506433,0.027733393,0.045807466,0.0010693944,0.0047796415,0.024833422,0.046054576
3,0.0010079885,0.0041745356,0.032578666,0.05092322,0.0007087052,0.002327658,0.029518312,0.04257158,0.0007167828,0.0034653654,0.013785458,0.027943432
4,0.0012594219,0.005518495,0.032689795,0.065803275,0.0007209138,0.003075644,0.027914576,0.052227423,0.0010326795,0.004581943,0.017011734,0.040029574
5,0.0013322511,0.006314747,0.03006725,0.061270583,0.00091724185,0.0044716485,0.023995232,0.048285756,0.0009662093,0.004458743,0.018118178,0.037716977
6,0.0012424921,0.0060192943,0.031645358,0.060794167,0.0009232094,0.004407997,0.027132038,0.050467443,0.0008315475,0.0040989593,0.016287453,0.03389643
7,0.0012672027,0.0064642737,0.025520157,0.06510201,0.0008436402,0.0045954525,0.020335807,0.048500784,0.0009455548,0.004546279,0.015418605,0.043427482
8,0.0013829202,0.007432165,0.025857316,0.07236558,0.0010701708,0.006104908,0.020702867,0.05525833,0.0008759012,0.004238771,0.015491677,0.04672573
9,0.0010519834,0.0061351615,0.027846765,0.06253682,0.00065252144,0.0040928363,0.023697449,0.04982247,0.00082515745,0.004570438,0.014624406,0.037796497
10,0.0013019146,0.0077245394,0.024787445,0.06632517,0.0010620942,0.0070034843,0.020306006,0.0565067,0.00075295253,0.0032587908,0.014215607,0.034727808
11,0.0012172011,0.0075781234,0.02501195,0.06961389,0.000886165,0.005990229,0.02130962,0.054943927,0.00083444,0.0046416707,0.013095712,0.04274644
12,0.0011108035,0.0078083356,0.02223312,0.06984758,0.00082653295,0.0063132443,0.017807648,0.053789392,0.00074211025,0.0045948937,0.013311623,0.04455766
13,0.0012824786,0.008775701,0.024460582,0.07456114,0.0009872966,0.007623443,0.017481256,0.06118704,0.00081853336,0.0043469584,0.01710923,0.042608794
14,0.0011381287,0.008172249,0.019360842,0.06525193,0.0008398004,0.006658316,0.01599841,0.053227417,0.0007681616,0.0047384053,0.010903812,0.03774463
15,0.0011988904,0.008799983,0.021393288,0.083134115,0.0009326675,0.007692281,0.017155899,0.06393852,0.00075330574,0.0042741676,0.012780763,0.053133283
16,0.0009468926,0.0071663843,0.018477056,0.061881885,0.0006257149,0.005236727,0.015095565,0.04421949,0.00071069435,0.0048922133,0.010654837,0.04328977
17,0.0009933303,0.0075398493,0.018665254,0.056737904,0.0006996086,0.00587042,0.015113408,0.04559826,0.00070516166,0.004731543,0.010953383,0.03376371
18,0.0008591576,0.006709841,0.055900894,0.08592956,0.00056343427,0.0046369666,0.037496485,0.06737684,0.000648609,0.004849795,0.041459903,0.053331517
19,0.0010598716,0.008749172,0.016307415,0.06453007,0.0007933465,0.007565522,0.013361414,0.054726288,0.0007028009,0.004394415,0.009349034,0.034193024
20,0.0008865974,0.00812486,0.02027701,0.06701733,0.0006822545,0.006928803,0.015911296,0.058391597,0.0005662011,0.004243234,0.012569321,0.032889884
21,0.0009059608,0.008132502,0.01837983,0.06413153,0.00066950056,0.0069245156,0.014775331,0.05493273,0.00061035564,0.0042648194,0.01093196,0.03309454
22,0.0010396501,0.008288959,0.017484812,0.06584827,0.00074041524,0.007004663,0.01373102,0.052528813,0.0007298339,0.004431878,0.0108248675,0.039707918
23,0.0009228227,0.008058796,0.019776648,0.06285017,0.00064288406,0.0064963517,0.015941102,0.05060406,0.0006620437,0.0047688163,0.011704574,0.037274294
24,0.0009145425,0.0071528503,0.024161993,0.07209359,0.00059555756,0.0050910637,0.020204065,0.052762914,0.00069404556,0.0050243745,0.013251325,0.049128007
25,0.0008938764,0.0075002746,0.040751852,0.084623516,0.0006200136,0.0056900172,0.028020978,0.06814113,0.00064389297,0.0048864936,0.029589495,0.050178938
26,0.00082114275,0.008383905,0.018523987,0.060673665,0.0006173015,0.007216535,0.015225774,0.052603368,0.00054149266,0.00426749,0.010550542,0.030235402
27,0.00079964753,0.006505038,0.029315516,0.05703632,0.0004762345,0.0042637354,0.024873853,0.043139238,0.00064236816,0.0049128486,0.015514218,0.0373115
28,0.0007791204,0.0083723795,0.017093979,0.057847835,0.000555261,0.007004708,0.014010007,0.048672274,0.0005465472,0.0045859353,0.009794071,0.0312631
29,0.00077709125,0.007864987,0.0212454,0.058608938,0.00051541114,0.006017485,0.017741555,0.047410354,0.0005815687,0.0050643734,0.011687781,0.034456726
30,0.00073977077,0.007878944,0.0190536,0.05674746,0.0004933498,0.0061363173,0.015475636,0.04545837,0.00055124116,0.004942001,0.01111505,0.03396779
31,0.0008200778,0.008392127,0.02366506,0.0715024,0.0005879302,0.006729334,0.018964294,0.05593023,0.00057172164,0.005014366,0.014155937,0.044546634
32,0.0008447485,0.008564823,0.019569078,0.07287445,0.0006037897,0.0071137846,0.015934512,0.056276713,0.0005907944,0.004769725,0.011359584,0.046299208
33,0.0009376169,0.008861681,0.020809371,0.07664747,0.0006604112,0.0073082154,0.016707564,0.0589729,0.0006655693,0.005011925,0.012405127,0.04895949
34,0.00073367124,0.008748106,0.018006187,0.06488721,0.00054320996,0.007312198,0.014665784,0.05391952,0.0004931495,0.0048021986,0.010446893,0.03609759
35,0.00084015715,0.009191108,0.018854795,0.07785387,0.0006137078,0.007826635,0.014856559,0.06128683,0.00057378283,0.0048187408,0.011609734,0.04801198
36,0.0007932561,0.0073082005,0.018995617,0.07156647,0.00048334175,0.0052119694,0.016168665,0.050478853,0.00062899606,0.005123004,0.009970341,0.0507311
37,0.00075056177,0.007580718,0.070275456,0.14493376,0.0005411135,0.005770177,0.04116512,0.098252706,0.00052013376,0.0049165376,0.05695676,0.10654671
38,0.0006498465,0.0077560544,0.016085176,0.056460846,0.0004434585,0.0058750524,0.013322628,0.04480217,0.0004750211,0.005063609,0.009013348,0.034359757
39,0.0007362448,0.008735973,0.019547883,0.06911636,0.0005014773,0.0072882744,0.013975253,0.05287394,0.0005390519,0.0048164595,0.013667921,0.04451312
40,0.000541028,0.0034884296,0.08977779,0.3081009,0.00027572532,0.0026184483,0.07780867,0.30652502,0.00046549633,0.0023049663,0.044786856,0.031122092
41,0.00081203686,0.005044173,0.10444613,0.26771572,0.0003681669,0.0031409028,0.08630765,0.25621778,0.0007237797,0.0039469493,0.058821622,0.07761548
42,0.0010568511,0.006764869,0.0882308,0.2102909,0.0005760798,0.0044964375,0.08278544,0.20034409,0.00088603963,0.005054256,0.03051632,0.063910134
43,0.0017684972,0.011185808,0.0655703,0.19262074,0.001355728,0.010083534,0.05596585,0.16383198,0.0011355984,0.0048419675,0.034165602,0.1013007
44,0.0007891175,0.005233538,0.066378035,0.104258105,0.0004366137,0.0032715541,0.058499634,0.09261995,0.00065732404,0.004084954,0.03136617,0.047867496
45,0.0008215286,0.0069520273,0.055190716,0.07911654,0.00047363187,0.0047674933,0.04614626,0.06307491,0.0006712541,0.0050598113,0.030274378,0.04775963
46,0.0006955333,0.007081782,0.051224843,0.07359431,0.00044953558,0.0050711483,0.039833423,0.063738234,0.0005307394,0.004943186,0.032206878,0.03679076
47,0.00074156816,0.008299121,0.02194013,0.06921837,0.00049070205,0.0068938667,0.017594855,0.05929627,0.000555999,0.0046206075,0.013106884,0.035709027
48,0.00069574453,0.008653972,0.022208208,0.07176753,0.00050269807,0.0073369592,0.018129576,0.060006242,0.0004809939,0.0045891465,0.012826651,0.039367873
49,0.00077188347,0.008563526,0.024512408,0.07300904,0.000485069,0.006890603,0.019179545,0.058462303,0.00060042663,0.0050846413,0.015264442,0.04373189
50,0.0006403141,0.007068274,0.0512164,0.12026011,0.00039692406,0.005120526,0.03430781,0.09443166,0.00050244736,0.0048724446,0.038027544,0.07446581
51,0.0005997036,0.008625433,0.017503362,0.06885224,0.00042891726,0.006704187,0.013749015,0.053788733,0.00041913523,0.005426967,0.010832003,0.04298143
52,0.0005999058,0.008443707,0.020017685,0.077050515,0.0004026939,0.00676697,0.015932916,0.05972603,0.00044466232,0.0050501786,0.0121181635,0.04867836
53,0.0005953381,0.008264643,0.01638647,0.06194501,0.0004103072,0.0066341427,0.0135345915,0.050710242,0.00043136466,0.00492874,0.00923749,0.03557605
54,0.0007227239,0.008446729,0.020994682,0.08425131,0.00048577954,0.006494288,0.01593706,0.059978213,0.000535115,0.00540106,0.013666995,0.059168372
55,0.00071891746,0.008932941,0.015181696,0.06522124,0.00049347983,0.00740223,0.011953484,0.051383417,0.00052280014,0.0050004423,0.009359386,0.040169083
56,0.0006327329,0.008111366,0.03520309,0.063821085,0.00042424398,0.006212959,0.023640543,0.049494807,0.0004694336,0.0052147293,0.026084142,0.040291376
57,0.00073769974,0.008703846,0.016112717,0.0816639,0.0005138693,0.007112413,0.012031594,0.05811623,0.0005292818,0.0050170217,0.010717293,0.05737156
58,0.0006426455,0.009179722,0.017293675,0.07687504,0.00044666795,0.0075624757,0.013881062,0.058756962,0.00046204,0.0052034846,0.010314421,0.049572077
59,0.00059057603,0.009033436,0.013781756,0.060447622,0.00042117346,0.0074905464,0.011265569,0.048041668,0.0004139963,0.005049225,0.00793875,0.036686692
60,0.0005732761,0.009125612,0.013205745,0.060241904,0.00040591368,0.0073715807,0.0106751025,0.04895555,0.0004048204,0.005379273,0.0077739237,0.035106145
61,0.0005214617,0.0077153393,0.022544408,0.05911662,0.0003402468,0.005555653,0.016639166,0.04920633,0.00039516378,0.0053536133,0.015211458,0.03276449
62,0.000558632,0.008504721,0.0136111,0.05622884,0.00037017703,0.0067967935,0.010561859,0.04532396,0.00041837626,0.00511213,0.008585405,0.033277936
63,0.00061113184,0.0084679015,0.013760434,0.06230642,0.00041981612,0.0066715456,0.010749436,0.048597455,0.0004441132,0.0052149636,0.008590645,0.038992014
64,0.0005032789,0.0070357486,0.060674027,0.14220394,0.00029444802,0.004827958,0.041308925,0.08861853,0.00040815448,0.0051178685,0.044439964,0.11121473
65,0.00073451875,0.003973753,0.07885958,0.17374253,0.00023235587,0.001858245,0.07621743,0.14312112,0.0006967988,0.003512498,0.02024198,0.098502845
66,0.00019726556,0.0014982785,0.07292146,0.054834187,0.00011286433,0.00084635895,0.06762693,0.05287872,0.00016178796,0.0012363312,0.027278885,0.014513072
67,0.0005721125,0.008746607,0.016051965,0.06964372,0.0003974392,0.0070751016,0.012797146,0.05578513,0.0004115274,0.0051425747,0.009690129,0.041692533
68,0.0005672172,0.008659571,0.013297182,0.062473908,0.00036866096,0.0069390764,0.010600076,0.049394637,0.00043107357,0.0051804823,0.008028289,0.03825126
69,0.00060593075,0.008412906,0.024157364,0.113279976,0.00040666637,0.006502504,0.018348642,0.08415736,0.00044919323,0.0053380164,0.015713232,0.07582804
70,0.00053217786,0.0085016675,0.012288494,0.055872336,0.0003636623,0.0066861627,0.009844503,0.046106793,0.00038853963,0.0052510547,0.0073547834,0.03155759
71,0.0006358294,0.008744305,0.014897165,0.07109028,0.0004211827,0.0069838692,0.011917009,0.054242335,0.0004763236,0.0052619805,0.0089392625,0.045952123
72,0.0005517457,0.00804748,0.019866724,0.054088034,0.0003321481,0.006140714,0.014302421,0.041756734,0.0004405689,0.0052013043,0.013788671,0.034378637
73,0.0005823385,0.008779484,0.013363018,0.062626585,0.00039484008,0.007052173,0.0108438665,0.05105255,0.0004280414,0.0052293595,0.00780902,0.036272936
74,0.00060584873,0.008709207,0.016172534,0.073034875,0.00040915192,0.006809046,0.011824804,0.053723253,0.00044681918,0.0054302104,0.011032899,0.04947631
75,0.00050916395,0.008466595,0.01363196,0.05620473,0.00034858822,0.00662817,0.011293272,0.04649325,0.00037112558,0.005267883,0.0076349443,0.03158084
76,0.00056347274,0.008976711,0.013608949,0.065777145,0.00037074377,0.0072319536,0.011287947,0.049912274,0.00042432372,0.0053179124,0.0076016937,0.04284155
77,0.0005873993,0.008962345,0.014182561,0.06161746,0.00036889414,0.0072880303,0.011970911,0.05153094,0.00045711602,0.0052161524,0.0076054144,0.033782747
78,0.0005494622,0.008859355,0.011661035,0.05654332,0.00037725052,0.0071471487,0.009164373,0.045845106,0.0003994882,0.005235116,0.007210686,0.033096425
79,0.0004391483,0.008864231,0.012796147,0.057682782,0.00029530548,0.0069565354,0.010506537,0.046644263,0.0003250322,0.0054937433,0.0073043867,0.03393547
80,0.00055738626,0.007543028,0.02356122,0.07208636,0.00034737276,0.005350575,0.018010944,0.0520865,0.0004359032,0.005316824,0.015190029,0.04983412
81,0.00062546314,0.009350514,0.013842169,0.061489798,0.00041424565,0.0077230902,0.010933921,0.048889235,0.00046862,0.0052712425,0.008488523,0.03729394
82,0.0005853649,0.008832682,0.01379314,0.06211001,0.0003849245,0.0070571126,0.010803531,0.048398037,0.00044100473,0.005311632,0.008575221,0.038926646
83,0.00051029405,0.007999578,0.020438507,0.06485398,0.00031519966,0.0059092985,0.015375409,0.0489364,0.0004013094,0.005391979,0.013465859,0.042558987
84,0.00056173163,0.009064645,0.012046779,0.063498594,0.00037140877,0.0072431513,0.009540153,0.04640865,0.00042142373,0.0054501877,0.007355975,0.043339457
85,0.00047451028,0.008743478,0.013388471,0.05598567,0.00032480832,0.006961814,0.01082822,0.04618772,0.0003459184,0.0052897586,0.0078740595,0.031640004
86,0.0005711648,0.0092245815,0.013167824,0.06121685,0.0003537625,0.007514398,0.010897288,0.049173612,0.00044842096,0.0053503946,0.0073919347,0.03646174
87,0.000497109,0.008997419,0.01413836,0.068232395,0.00033196833,0.007079692,0.011238092,0.053221468,0.0003700195,0.0055526122,0.008578957,0.04269818
88,0.00051236077,0.0086948285,0.0125408815,0.06103779,0.00032813288,0.006849513,0.009695489,0.04692734,0.00039350017,0.0053557646,0.00795432,0.039031222
89,0.0004785995,0.0088961525,0.011619425,0.062540844,0.00032339167,0.007170347,0.009308258,0.04805327,0.0003528106,0.005265706,0.0069546658,0.040028
90,0.00055438833,0.009227764,0.01241775,0.05946681,0.0003736707,0.007563253,0.010211871,0.04900068,0.00040953222,0.0052866656,0.007065283,0.033693243
91,0.0004892244,0.009093844,0.012898016,0.06918844,0.0003122837,0.0072144317,0.010203585,0.050072044,0.00037658916,0.005536243,0.007889592,0.047747567
92,0.0004898175,0.009031982,0.01192744,0.05994333,0.000325383,0.007197773,0.00952105,0.045230184,0.00036612447,0.0054560755,0.0071842475,0.03933743
93,0.00056612893,0.008256218,0.023931999,0.06386961,0.00033249706,0.0062701106,0.016500814,0.04750731,0.00045820043,0.005371299,0.01733389,0.04268937
94,0.000493502,0.009107145,0.011545321,0.05820243,0.00032116784,0.007282963,0.009454973,0.04564919,0.00037469386,0.0054679546,0.006625551,0.036106434
95,0.0005211796,0.00883135,0.012604023,0.06485569,0.0003417051,0.00685755,0.010047789,0.046900675,0.00039352992,0.0055647786,0.0076094237,0.04479494
96,0.0005001591,0.009283855,0.014381729,0.07318429,0.00032756518,0.007273036,0.0117292935,0.054362908,0.00037796848,0.005770001,0.008322128,0.04899606
97,0.00047230948,0.008788567,0.012672012,0.06270053,0.0003062154,0.006875583,0.010503282,0.048052005,0.0003595947,0.0054740533,0.007089497,0.040278547
98,0.0005429053,0.009355179,0.01176589,0.06218593,0.00034095472,0.0076217535,0.009625467,0.04862693,0.00042248788,0.005424781,0.006766576,0.038762245
99,0.00039445146,0.008512013,0.010374943,0.049794078,0.0002629163,0.0065263635,0.008259391,0.040586703,0.00029405268,0.0054645166,0.0062786853,0.028847357
100,0.00039299493,0.0082111955,0.011465497,0.055342406,0.00026032195,0.006257945,0.009293223,0.042412516,0.00029441042,0.005316187,0.0067151804,0.035552222
101,0.00052818056,0.008768507,0.011358032,0.062083732,0.00032887515,0.0068785255,0.009020884,0.04646384,0.00041329878,0.0054380707,0.0069013443,0.041176468
102,0.0005126379,0.009248273,0.013272394,0.061784875,0.00034227045,0.0072138472,0.010582916,0.04609404,0.00038163931,0.0057871393,0.008009891,0.041142557
103,0.00062232517,0.009227627,0.011591444,0.06321546,0.00036885325,0.0075040758,0.009356092,0.047656517,0.00050123443,0.005370097,0.0068428875,0.04153373
104,0.0005310642,0.008735078,0.01782735,0.06767435,0.000339151,0.006752266,0.0112273665,0.049061563,0.00040866336,0.005541525,0.013847767,0.046613097
105,0.0004440217,0.008575869,0.010217214,0.052271973,0.0002908477,0.0067882338,0.007979346,0.0416317,0.00033550392,0.0052407444,0.006381339,0.031609505
106,0.0005262964,0.008767196,0.0129213575,0.056363855,0.00033778066,0.0069274264,0.01091507,0.048392557,0.0004035989,0.005373498,0.0069153984,0.028897138
107,0.00050029584,0.008849604,0.011578872,0.06496209,0.00031415233,0.0068816706,0.009692208,0.048130214,0.00038936385,0.005564001,0.006334933,0.043629758
108,0.00047713265,0.008753858,0.0105037065,0.060201116,0.00029937067,0.0067266077,0.008081287,0.047059264,0.0003715276,0.0056020333,0.0067097424,0.03754464
109,0.00045244413,0.008827861,0.009577149,0.055889703,0.0002905417,0.007058735,0.0073990347,0.042593658,0.00034683023,0.005301452,0.006080795,0.036186174
110,0.00045312467,0.0088125095,0.011269699,0.056932345,0.0002948065,0.0067887423,0.008725928,0.04439072,0.0003441091,0.005619013,0.007131921,0.03564766
111,0.000591321,0.008907062,0.01060328,0.06106879,0.00032435314,0.0071499576,0.00818058,0.046288118,0.0004944244,0.005311672,0.006745936,0.039834745
112,0.00051416876,0.009275133,0.012518457,0.07467315,0.00033833183,0.007517366,0.0100070415,0.054671254,0.00038717067,0.0054329815,0.007521362,0.050863877
113,0.00051149575,0.008718503,0.024554523,0.07021206,0.00030523303,0.00679914,0.016205117,0.053252447,0.00041043965,0.00545747,0.018447733,0.04575926
114,0.00044625887,0.009076994,0.010428863,0.059065383,0.00028873485,0.007245799,0.008389471,0.047411256,0.00034026336,0.005467194,0.0061949943,0.035226304
115,0.00047094192,0.008933223,0.009764243,0.056359977,0.0003049916,0.007178298,0.007897738,0.044028476,0.00035884033,0.0053173783,0.0057416167,0.035184372
116,0.00039187574,0.008830597,0.0133283995,0.064604945,0.0002532267,0.006783349,0.010828613,0.04849899,0.00029906994,0.005653814,0.0077709304,0.042680763
117,0.00049044896,0.0090376,0.011544469,0.058129705,0.00029535926,0.0073253503,0.009129318,0.044904813,0.00039153942,0.0052931514,0.0070661386,0.03691369
118,0.00040306846,0.008348485,0.04195484,0.07297639,0.00024009602,0.006331209,0.020551922,0.05512532,0.00032375622,0.0054417835,0.03657632,0.047819998
119,0.00056296017,0.009029826,0.01166887,0.05493355,0.0003234027,0.0073288954,0.009071078,0.044693314,0.00046079807,0.0052749454,0.007340169,0.031940613
120,0.0005555574,0.009051378,0.011202005,0.057145268,0.00032945574,0.007285109,0.008980168,0.04371205,0.00044732864,0.005371651,0.00669638,0.03680813
121,0.0006823579,0.009438561,0.012712546,0.066291675,0.00036021922,0.0077296915,0.010002653,0.051696766,0.00057952944,0.005416486,0.007845747,0.041497353
122,0.00054448156,0.0089867795,0.013367077,0.06798392,0.00033007236,0.0071773855,0.009877618,0.049779296,0.000433027,0.0054080803,0.009006186,0.04630156
123,0.00043936583,0.009190845,0.012891777,0.062198415,0.00028045123,0.0073143775,0.010457327,0.04874525,0.0003382151,0.005565207,0.00753938,0.038633447
124,0.00051585893,0.009239778,0.011278944,0.060158353,0.00033634843,0.0074970475,0.008849222,0.04666702,0.0003911268,0.0054007205,0.006993271,0.037963357
125,0.0005318308,0.009511137,0.010976779,0.06328838,0.0003106731,0.0077672545,0.008757746,0.048431505,0.0004316553,0.005489216,0.0066175205,0.04074075
126,0.00045640327,0.0077624945,0.02930162,0.093402684,0.00025190169,0.005633042,0.021087874,0.07541746,0.000380591,0.005340895,0.0203442,0.055102337
127,0.0005664324,0.009093178,0.012090335,0.06602935,0.00032200868,0.0073608607,0.008952974,0.048526693,0.0004660001,0.005338879,0.008125297,0.04477761
128,0.000371629,0.008668007,0.0092760995,0.055778243,0.00023081468,0.0066476776,0.0074188565,0.041832436,0.0002912605,0.0055626193,0.0055683567,0.036895256
129,0.00041588195,0.009281841,0.009982516,0.061307576,0.00026292453,0.007576732,0.008094594,0.047246445,0.00032222428,0.0053615016,0.0058419323,0.03906907
130,0.0004050868,0.008338842,0.009019227,0.0538983,0.00025148923,0.0062860507,0.0072118044,0.040329836,0.00031756648,0.0054792194,0.005416303,0.035756554
131,0.0003896618,0.008553916,0.009226077,0.05901149,0.00024082091,0.0066465354,0.0073464797,0.042021826,0.0003063358,0.0053845188,0.0055811945,0.041430928
132,0.00039434872,0.0089335535,0.010078768,0.053601302,0.00023792799,0.007005283,0.0079694195,0.04231901,0.0003144856,0.00554386,0.006170083,0.032896817
133,0.0005340966,0.009147473,0.011346426,0.066500664,0.0003354291,0.0074514984,0.008739631,0.048691597,0.00041562784,0.005305792,0.0072360374,0.045293123
134,0.00043047967,0.008923154,0.010702502,0.057204414,0.00027293817,0.0070003974,0.008456592,0.045852255,0.00033289264,0.0055332743,0.0065596947,0.03420403
135,0.00040521706,0.009097491,0.009524354,0.057329077,0.0002457046,0.007254212,0.00755141,0.043798838,0.00032222678,0.0054900595,0.0058042677,0.036990333
136,0.00048091303,0.009113488,0.012520649,0.06390167,0.00030050872,0.0076008905,0.010292274,0.050391056,0.0003754622,0.0050281337,0.007129918,0.039295867
137,0.00041323333,0.009191926,0.011514542,0.062571794,0.00025422117,0.0074427854,0.008944277,0.0488829,0.00032578118,0.0053941114,0.0072515225,0.039060105
138,0.00045907998,0.008719735,0.013710663,0.06607974,0.00026139244,0.0068033356,0.010117682,0.05085917,0.0003773969,0.0054542096,0.009252827,0.042188592
139,0.00046431294,0.009527282,0.010638934,0.06554122,0.0002806561,0.007715293,0.008420346,0.046707015,0.00036989007,0.005589576,0.0065026665,0.045979414
140,0.0004164275,0.008988684,0.011215489,0.06258294,0.00024781618,0.007055616,0.009154288,0.048793737,0.00033466253,0.005569087,0.0064796773,0.039189227
141,0.00039494009,0.008948714,0.010380486,0.05789481,0.00024394624,0.0070248414,0.008288382,0.04487386,0.00031059282,0.005543562,0.0062495777,0.036580674
142,0.00041950273,0.009269123,0.010250925,0.059522722,0.00025414536,0.0074318107,0.00783822,0.04451549,0.00033375542,0.00553939,0.0066063423,0.039513614
143,0.0004274245,0.009422345,0.010672056,0.062493127,0.00025803596,0.007619578,0.008453958,0.04761609,0.00034074794,0.0055427994,0.0065133236,0.040473435
144,0.00041317404,0.009137944,0.010571529,0.06116217,0.000249494,0.00722639,0.008642114,0.045899484,0.00032934104,0.0055929692,0.0060886038,0.040423363
145,0.00021228964,0.0039033259,0.054846343,0.38977188,0.00013098234,0.003470058,0.052058034,0.38872802,0.00016706441,0.0017873583,0.017265067,0.028506964
146,0.00070148165,0.0063281385,0.04410967,0.39167118,0.00035445485,0.0049973107,0.03509356,0.3767538,0.00060534145,0.0038822964,0.02672274,0.10706494
147,0.0003267917,0.0034716756,0.06910129,0.28812563,0.00017900932,0.0025141423,0.06309652,0.28703183,0.00027340167,0.0023940802,0.028174754,0.02508195
148,0.0007218762,0.006208822,0.033622522,0.29374105,0.00030014207,0.0040416885,0.029383201,0.28631875,0.0006565211,0.0047131972,0.01634324,0.06561541
149,0.0003971232,0.0036037215,0.05603,0.21874745,0.00018092134,0.0024104244,0.045070097,0.20789132,0.00035351704,0.0026789294,0.033287346,0.068056226
150,0.0004301362,0.0036111635,0.045626733,0.25248694,0.00017687515,0.002402257,0.043770127,0.23430197,0.00039208715,0.0026962312,0.012883124,0.09408641
151,0.0007702806,0.005970906,0.027690133,0.35696954,0.00029049144,0.0038569733,0.01884753,0.3504258,0.00071340514,0.0045580124,0.020285808,0.06803671
152,0.00040573656,0.004527888,0.047441643,0.33299112,0.00024735797,0.0037065393,0.045102675,0.31903186,0.00032161496,0.002600641,0.0147125125,0.09540315
153,0.0006120945,0.004907331,0.065374814,0.17454639,0.00028569833,0.0031249463,0.050695237,0.1635453,0.0005413281,0.0037837296,0.041277833,0.06098672
154,0.00054150366,0.004444641,0.086111866,0.19298834,0.00024077334,0.0029741207,0.07310178,0.17606139,0.0004850303,0.0033029446,0.04551245,0.079037234
155,0.00047603148,0.0038151823,0.064946376,0.15970358,0.0001798531,0.002397908,0.050816085,0.15164138,0.00044074803,0.0029674321,0.040444497,0.05010115
156,0.00074063626,0.005962212,0.086588435,0.16542326,0.00037867558,0.0040878365,0.069199726,0.15330428,0.0006365115,0.0043402268,0.052047614,0.062150244
157,0.0006615506,0.00477767,0.0711168,0.22764307,0.00020730276,0.0029995686,0.067089505,0.22071722,0.0006282315,0.0037186986,0.023592297,0.05572499
158,0.00016199416,0.0025686596,0.04805558,0.20593855,0.00012076082,0.002181531,0.047083005,0.20507789,0.000107976535,0.0013560735,0.009619218,0.018808011
159,0.0008206808,0.00798527,0.03684377,0.11889436,0.00055775506,0.006494654,0.02931374,0.103347324,0.0006020185,0.004645859,0.02231968,0.058780946
160,0.00067959976,0.0065019843,0.0391902,0.16998468,0.00037813646,0.0047600134,0.033474382,0.13802831,0.00056468457,0.0044292295,0.02037983,0.09921179
161,0.0006092052,0.0072368514,0.028826872,0.16600825,0.00031418685,0.0053296685,0.021933937,0.14096121,0.00052193645,0.004895575,0.018705372,0.08768509
162,0.0006467112,0.0077888756,0.03209561,0.12628865,0.0003335661,0.0058320793,0.024484696,0.099084325,0.0005540479,0.005162697,0.020751577,0.07830146
163,0.00057350175,0.006914874,0.083228245,0.1343628,0.00032452817,0.004975211,0.051566917,0.11210437,0.0004728485,0.00480237,0.06532835,0.07406735
164,0.0005773484,0.0092230495,0.015920429,0.076614305,0.00034659446,0.007430434,0.012914543,0.0594008,0.00046173958,0.0054638167,0.00930992,0.048386946
165,0.0004923278,0.009246203,0.015593493,0.07484806,0.00029982105,0.007490786,0.012217333,0.057704326,0.0003905048,0.005420369,0.009689882,0.047670156
166,0.0005188578,0.008738635,0.011943148,0.0634034,0.00031291725,0.007200521,0.009473427,0.04909133,0.00041387943,0.004951388,0.007272756,0.040125206
167,0.00052093656,0.008634387,0.012765199,0.06503237,0.0003256932,0.006794865,0.010188933,0.050390966,0.00040656963,0.005327518,0.007689989,0.04110912
168,0.0005275277,0.008661916,0.0121644875,0.07041844,0.00031696254,0.0067164614,0.009743011,0.049494125,0.00042168732,0.0054697283,0.00728344,0.050090794
169,0.0004577008,0.00869029,0.010519958,0.059223875,0.0002927731,0.006896882,0.0082700765,0.045292202,0.00035181522,0.00528717,0.0065019513,0.03815867
170,0.0004034198,0.008909108,0.011389332,0.06302146,0.0002519599,0.0071138986,0.0086067775,0.046784125,0.0003150615,0.0053632683,0.0074592396,0.042224996
171,0.00043316683,0.0090457555,0.010820298,0.06117317,0.00025912203,0.00718656,0.0088506695,0.046226792,0.00034711565,0.0054935464,0.006224509,0.040065452
172,0.00043907145,0.008851387,0.011483525,0.062899575,0.00026378,0.007147559,0.008822187,0.047854256,0.00035100407,0.005221058,0.007351215,0.040820666
173,0.00041530374,0.009010766,0.009768183,0.058908403,0.00025659928,0.007208595,0.0076300963,0.042815916,0.00032654864,0.005406483,0.0060991016,0.040459827
174,0.0005182501,0.00939811,0.011686702,0.075558424,0.00032955915,0.0077114105,0.009034031,0.05377608,0.00039996745,0.005372022,0.0074138576,0.053077385
175,0.00043697134,0.009134692,0.012912213,0.06911878,0.00025716404,0.007487174,0.009965821,0.050855678,0.00035328546,0.0052330513,0.008210217,0.04680925
176,0.00046707664,0.0091283005,0.0109088905,0.06641046,0.00027640426,0.0072232382,0.008325309,0.046390045,0.00037651198,0.005581281,0.007049335,0.04752171
177,0.00040563536,0.008900477,0.009812279,0.053620413,0.00026807433,0.007138214,0.007807663,0.041022044,0.00030442767,0.0053164265,0.0059431647,0.034530286
178,0.00035500087,0.008430374,0.009968499,0.05476651,0.00021302323,0.0064533683,0.007861107,0.04183323,0.00028398368,0.0054245032,0.0061297608,0.03534617
179,0.0003698634,0.008884853,0.009283122,0.05628243,0.00022878428,0.0070512476,0.007303986,0.04117432,0.00029061435,0.0054056,0.005729584,0.038371705
180,0.00036324834,0.009001699,0.009186424,0.05513533,0.00021851301,0.007021322,0.0072550373,0.040530708,0.0002901748,0.005633084,0.005635141,0.037378684
181,0.00033836692,0.00879556,0.0079829665,0.049764164,0.00020924563,0.0070063844,0.0063246572,0.038059413,0.00026591058,0.005317186,0.004870982,0.032061707
182,0.0003641596,0.008832738,0.010518635,0.055763803,0.00022125535,0.0068938606,0.008334782,0.042460475,0.00028923745,0.0055219512,0.0064166253,0.036148444
183,0.00034814083,0.008914076,0.008735918,0.056483015,0.00021370633,0.0070243455,0.0070110625,0.04271812,0.0002748302,0.0054881065,0.0052116476,0.036952585
184,0.00035733604,0.008967648,0.0089672245,0.054583117,0.00021343905,0.0069800485,0.007371043,0.040369894,0.00028658824,0.005630065,0.005106745,0.036736745
185,0.00035291657,0.00889845,0.008988231,0.056589518,0.00021255223,0.007114818,0.0068008252,0.042547822,0.00028172974,0.005344322,0.005876825,0.037310272
186,0.00040617847,0.008849201,0.009903665,0.06312082,0.00024826004,0.007047823,0.007708338,0.045099497,0.00032147768,0.0053513115,0.0062180464,0.044161893
187,0.00039324566,0.0089981,0.009941969,0.060669787,0.00024554215,0.0071408027,0.007781975,0.044752955,0.00030716643,0.005474918,0.006187375,0.040963348
188,0.0004937928,0.008558868,0.010593042,0.062899314,0.0002316324,0.0065800087,0.007923462,0.044890128,0.00043609377,0.0054733646,0.007030738,0.04405905
189,0.00038716494,0.008939786,0.008738885,0.057415716,0.00022735164,0.007173243,0.007039683,0.041719567,0.00031338143,0.005335199,0.005177931,0.0394467
190,0.00038511807,0.008917667,0.010180701,0.060157098,0.00023573077,0.007112038,0.008055455,0.04583841,0.0003045438,0.0053799343,0.0062254565,0.038957883
191,0.0005637369,0.007980629,0.036177266,0.09171214,0.00031079573,0.005834074,0.020791935,0.065532126,0.00047032462,0.005445551,0.029605575,0.064161174
192,0.00045685886,0.0042827404,0.042517688,0.1600098,0.00016947485,0.003056448,0.038714122,0.15472794,0.00042426205,0.0029999989,0.017577557,0.040772557
193,0.00038622736,0.008408175,0.010190465,0.05873409,0.0002297235,0.006574952,0.008061689,0.04353916,0.00031048135,0.0052409363,0.006233357,0.03942125
194,0.00040411402,0.00858464,0.010497018,0.06396341,0.0002399347,0.006796152,0.008125816,0.0461993,0.00032517605,0.0052448423,0.006645186,0.044237353
195,0.00031610878,0.008631804,0.009130848,0.051180564,0.00018421498,0.006595234,0.007264641,0.038676754,0.00025688444,0.005568746,0.005531489,0.033519525
196,0.00034958348,0.008964738,0.009222518,0.056180604,0.00021403498,0.0070362967,0.0069752443,0.042386405,0.00027640123,0.0055549135,0.006033308,0.036873467
197,0.00033664005,0.008860087,0.008317316,0.054911476,0.0001924134,0.00695538,0.0065841195,0.041244324,0.00027623106,0.005488517,0.0050820387,0.03625156
198,0.0003496796,0.008866317,0.009193727,0.054145213,0.00022091263,0.0069310265,0.007659662,0.043674603,0.00027105983,0.005529235,0.0050847013,0.03200364
199,0.00034957333,0.009029245,0.01015408,0.060384825,0.00021620457,0.007062007,0.008421806,0.04557606,0.00027469455,0.005626306,0.0056726118,0.039612498
